azimuth_deg,horizon_deg,source,near_deg,far_deg,near_range_m
0.0,31.575,lidar,31.575,7.274,33.0
0.5,31.749,lidar,31.749,7.244,33.0
1.0,31.749,lidar,31.749,7.214,33.0
1.5,31.271,lidar,31.271,7.184,33.5
2.0,31.271,lidar,31.271,7.155,33.5
2.5,30.390,lidar,30.390,7.125,34.5
3.0,30.209,lidar,30.209,7.095,34.0
3.5,30.209,lidar,30.209,7.065,34.0
4.0,29.693,lidar,29.693,7.035,35.0
4.5,29.693,lidar,29.693,7.005,35.0
5.0,28.629,lidar,28.629,6.975,34.5
5.5,28.636,lidar,28.636,6.945,34.5
6.0,28.719,lidar,28.719,6.915,37.5
6.5,29.711,lidar,29.711,6.885,35.5
7.0,30.716,lidar,30.716,6.856,36.0
7.5,30.716,lidar,30.716,6.826,36.0
8.0,29.989,lidar,29.989,6.796,37.0
8.5,30.342,lidar,30.342,6.766,36.0
9.0,30.352,lidar,30.352,6.736,37.5
9.5,30.352,lidar,30.352,6.706,37.5
10.0,30.410,lidar,30.410,6.676,36.0
10.5,30.410,lidar,30.410,6.646,36.0
11.0,30.401,lidar,30.401,6.616,36.0
11.5,30.401,lidar,30.401,6.586,36.0
12.0,29.294,lidar,29.294,6.557,36.0
12.5,28.324,lidar,28.324,6.527,36.5
13.0,28.980,lidar,28.980,6.497,37.0
13.5,28.980,lidar,28.980,6.467,37.0
14.0,29.115,lidar,29.115,6.437,37.0
14.5,29.786,lidar,29.786,6.407,37.0
15.0,29.786,lidar,29.786,6.377,37.0
15.5,29.579,lidar,29.579,6.347,37.0
16.0,27.783,lidar,27.783,6.317,38.0
16.5,27.473,lidar,27.473,6.287,37.5
17.0,27.834,lidar,27.834,6.258,37.5
17.5,27.427,lidar,27.427,6.228,37.5
18.0,27.825,lidar,27.825,6.198,37.0
18.5,26.144,lidar,26.144,6.168,38.0
19.0,22.242,lidar,22.242,6.138,37.5
19.5,22.415,lidar,22.415,6.108,66.5
20.0,22.964,lidar,22.964,6.078,38.0
20.5,24.022,lidar,24.022,6.048,38.0
21.0,24.022,lidar,24.022,6.018,38.0
21.5,22.762,lidar,22.762,5.989,38.0
22.0,22.762,lidar,22.762,5.959,38.0
22.5,24.412,lidar,24.412,5.929,38.0
23.0,24.969,lidar,24.969,5.899,38.0
23.5,24.969,lidar,24.969,5.869,38.0
24.0,24.266,lidar,24.266,5.839,38.0
24.5,23.810,lidar,23.810,5.809,38.0
25.0,23.810,lidar,23.810,5.779,38.0
25.5,23.111,lidar,23.111,5.749,38.0
26.0,23.173,lidar,23.173,5.719,71.0
26.5,24.035,lidar,24.035,5.690,38.0
27.0,24.573,lidar,24.573,5.660,70.0
27.5,24.769,lidar,24.769,5.630,71.0
28.0,24.544,lidar,24.544,5.600,70.5
28.5,23.551,lidar,23.551,5.570,70.0
29.0,23.406,lidar,23.406,5.540,70.0
29.5,23.375,lidar,23.375,5.510,69.0
30.0,22.178,lidar,22.178,5.480,69.0
30.5,21.502,lidar,21.502,5.450,108.0
31.0,21.677,lidar,21.677,5.420,73.5
31.5,21.788,lidar,21.788,5.391,73.5
32.0,21.734,lidar,21.734,5.361,74.5
32.5,22.105,lidar,22.105,5.331,74.0
33.0,21.635,lidar,21.635,5.301,74.5
33.5,21.550,lidar,21.550,5.271,68.0
34.0,21.349,lidar,21.349,5.241,74.5
34.5,21.202,lidar,21.202,5.211,115.5
35.0,20.863,lidar,20.863,5.181,70.0
35.5,21.217,lidar,21.217,5.151,118.5
36.0,20.824,lidar,20.824,5.121,147.5
36.5,20.743,lidar,20.743,5.092,147.0
37.0,20.580,lidar,20.580,5.062,137.0
37.5,20.884,lidar,20.884,5.032,112.0
38.0,21.147,lidar,21.147,5.002,112.0
38.5,20.784,lidar,20.784,4.972,107.0
39.0,20.619,lidar,20.619,4.942,70.0
39.5,21.522,lidar,21.522,4.912,68.0
40.0,21.834,lidar,21.834,4.882,70.0
40.5,22.377,lidar,22.377,4.852,69.0
41.0,22.596,lidar,22.596,4.822,69.5
41.5,21.783,lidar,21.783,4.793,69.0
42.0,21.750,lidar,21.750,4.763,68.5
42.5,21.634,lidar,21.634,4.733,69.0
43.0,21.106,lidar,21.106,4.703,77.0
43.5,21.120,lidar,21.120,4.673,77.5
44.0,21.522,lidar,21.522,4.643,77.5
44.5,21.401,lidar,21.401,4.613,78.5
45.0,21.628,lidar,21.628,4.583,77.5
45.5,21.623,lidar,21.623,4.553,77.5
46.0,21.314,lidar,21.314,4.524,77.0
46.5,20.528,lidar,20.528,4.494,77.5
47.0,19.666,lidar,19.666,4.464,112.0
47.5,19.472,lidar,19.472,4.434,111.5
48.0,19.825,lidar,19.825,4.404,113.5
48.5,19.561,lidar,19.561,4.374,65.5
49.0,20.081,lidar,20.081,4.344,115.0
49.5,19.767,lidar,19.767,4.314,78.0
50.0,19.916,lidar,19.916,4.284,77.0
50.5,20.492,lidar,20.492,4.254,73.0
51.0,20.635,lidar,20.635,4.225,72.5
51.5,20.407,lidar,20.407,4.195,78.0
52.0,20.863,lidar,20.863,4.165,76.0
52.5,21.045,lidar,21.045,4.135,78.0
53.0,21.177,lidar,21.177,4.105,78.0
53.5,21.150,lidar,21.150,4.075,78.5
54.0,21.284,lidar,21.284,4.045,76.0
54.5,21.049,lidar,21.049,4.015,78.0
55.0,21.027,lidar,21.027,3.985,76.0
55.5,21.178,lidar,21.178,3.955,66.0
56.0,21.407,lidar,21.407,3.926,65.5
56.5,21.519,lidar,21.519,3.896,66.0
57.0,21.572,lidar,21.572,3.866,65.5
57.5,20.789,lidar,20.789,3.836,66.5
58.0,20.506,lidar,20.506,3.806,72.5
58.5,20.898,lidar,20.898,3.776,74.0
59.0,21.104,lidar,21.104,3.746,74.0
59.5,21.006,lidar,21.006,3.716,73.5
60.0,21.316,lidar,21.316,3.686,68.5
60.5,21.278,lidar,21.278,3.656,68.5
61.0,20.909,lidar,20.909,3.627,68.5
61.5,20.646,lidar,20.646,3.597,68.5
62.0,20.118,lidar,20.118,3.567,67.0
62.5,20.121,lidar,20.121,3.537,73.0
63.0,20.539,lidar,20.539,3.507,74.0
63.5,20.978,lidar,20.978,3.477,73.5
64.0,20.003,lidar,20.003,3.447,73.5
64.5,19.967,lidar,19.967,3.417,73.0
65.0,19.806,lidar,19.806,3.387,44.5
65.5,19.854,lidar,19.854,3.357,47.0
66.0,20.010,lidar,20.010,3.328,45.5
66.5,19.891,lidar,19.891,3.298,46.5
67.0,20.088,lidar,20.088,3.268,46.5
67.5,19.929,lidar,19.929,3.238,47.0
68.0,19.284,lidar,19.284,3.208,47.0
68.5,19.284,lidar,19.284,3.221,47.0
69.0,18.384,lidar,18.384,3.224,85.0
69.5,18.215,lidar,18.215,3.211,85.5
70.0,17.631,lidar,17.631,3.229,84.5
70.5,17.346,lidar,17.346,3.226,107.5
71.0,17.246,lidar,17.246,3.215,108.5
71.5,17.164,lidar,17.164,3.174,91.0
72.0,17.105,lidar,17.105,3.140,91.5
72.5,16.407,lidar,16.407,3.140,110.5
73.0,16.695,lidar,16.695,3.121,86.5
73.5,16.805,lidar,16.805,3.115,86.5
74.0,16.696,lidar,16.696,3.072,86.5
74.5,16.491,lidar,16.491,3.049,80.5
75.0,16.742,lidar,16.742,3.009,92.5
75.5,16.836,lidar,16.836,3.007,92.5
76.0,16.708,lidar,16.708,3.104,94.5
76.5,16.732,lidar,16.732,3.176,95.0
77.0,16.056,lidar,16.056,3.162,96.5
77.5,15.981,lidar,15.981,3.138,94.0
78.0,15.527,lidar,15.527,3.113,97.0
78.5,14.882,lidar,14.882,3.101,97.0
79.0,13.676,lidar,13.676,3.053,93.0
79.5,13.956,lidar,13.956,2.983,93.0
80.0,13.916,lidar,13.916,2.833,97.0
80.5,13.434,lidar,13.434,2.893,39.5
81.0,13.434,lidar,13.434,2.938,39.5
81.5,13.679,lidar,13.679,2.943,37.5
82.0,13.679,lidar,13.679,2.978,37.5
82.5,14.035,lidar,14.035,2.901,38.0
83.0,13.222,lidar,13.222,2.871,39.5
83.5,13.283,lidar,13.283,2.833,37.0
84.0,12.181,lidar,12.181,2.753,38.0
84.5,11.612,lidar,11.612,2.681,91.5
85.0,11.265,lidar,11.265,2.590,39.5
85.5,10.845,lidar,10.845,2.518,95.5
86.0,10.734,lidar,10.734,2.397,96.0
86.5,13.478,lidar,13.478,2.314,34.0
87.0,13.478,lidar,13.478,2.234,34.0
87.5,13.939,lidar,13.939,2.198,34.0
88.0,18.417,lidar,18.417,2.208,30.5
88.5,18.417,lidar,18.417,2.059,30.5
89.0,19.579,lidar,19.579,2.036,30.5
89.5,19.579,lidar,19.579,1.984,30.5
90.0,20.361,lidar,20.361,1.921,30.0
90.5,20.361,lidar,20.361,1.855,30.0
91.0,20.532,lidar,20.532,1.751,30.0
91.5,20.532,lidar,20.532,1.779,30.0
92.0,20.765,lidar,20.765,1.820,31.0
92.5,20.736,lidar,20.736,2.022,31.0
93.0,20.784,lidar,20.784,2.022,30.5
93.5,20.954,lidar,20.954,2.234,30.5
94.0,21.039,lidar,21.039,2.367,29.5
94.5,21.039,lidar,21.039,2.429,29.5
95.0,20.941,lidar,20.941,2.429,30.5
95.5,20.895,lidar,20.895,2.545,29.5
96.0,20.823,lidar,20.823,2.620,30.0
96.5,19.044,lidar,19.044,2.731,34.5
97.0,19.714,lidar,19.714,2.731,36.0
97.5,20.879,lidar,20.879,2.722,34.5
98.0,21.183,lidar,21.183,2.751,32.5
98.5,21.183,lidar,21.183,2.751,32.5
99.0,21.414,lidar,21.414,2.803,32.0
99.5,21.414,lidar,21.414,2.835,32.0
100.0,21.248,lidar,21.248,2.856,32.0
100.5,21.530,lidar,21.530,2.845,32.5
101.0,21.530,lidar,21.530,2.883,32.5
101.5,21.626,lidar,21.626,2.907,30.5
102.0,21.626,lidar,21.626,3.051,30.5
102.5,21.544,lidar,21.544,3.051,31.5
103.0,21.007,lidar,21.007,3.239,32.5
103.5,20.495,lidar,20.495,3.414,34.0
104.0,20.495,lidar,20.495,3.494,34.0
104.5,20.594,lidar,20.594,3.731,32.0
105.0,20.996,lidar,20.996,3.731,32.5
105.5,20.996,lidar,20.996,3.830,32.5
106.0,20.112,lidar,20.112,4.077,31.5
106.5,19.867,lidar,19.867,4.135,32.0
107.0,19.067,lidar,19.067,4.336,36.0
107.5,19.067,lidar,19.067,4.439,36.0
108.0,18.164,lidar,18.164,4.514,33.0
108.5,18.454,lidar,18.454,4.637,33.0
109.0,17.476,lidar,17.476,4.773,34.5
109.5,17.481,lidar,17.481,4.912,34.5
110.0,18.419,lidar,18.419,4.993,34.0
110.5,18.540,lidar,18.540,5.036,34.0
111.0,18.515,lidar,18.515,5.215,33.5
111.5,18.064,lidar,18.064,5.306,32.5
112.0,18.064,lidar,18.064,5.306,32.5
112.5,17.965,lidar,17.965,5.338,33.0
113.0,17.682,lidar,17.682,5.372,33.0
113.5,17.682,lidar,17.682,5.372,33.0
114.0,17.134,lidar,17.134,5.449,33.5
114.5,16.905,lidar,16.905,5.490,34.0
115.0,16.643,lidar,16.643,5.490,33.5
115.5,15.840,lidar,15.840,5.353,34.0
116.0,15.851,lidar,15.851,5.353,35.5
116.5,15.851,lidar,15.851,5.353,35.5
117.0,15.350,lidar,15.350,5.290,52.5
117.5,14.784,lidar,14.784,5.294,44.5
118.0,16.185,lidar,16.185,5.359,50.0
118.5,15.722,lidar,15.722,5.496,50.5
119.0,16.739,lidar,16.739,5.626,49.5
119.5,16.513,lidar,16.513,5.685,50.0
120.0,17.613,lidar,17.613,5.788,47.0
120.5,17.836,lidar,17.836,5.725,46.5
121.0,17.356,lidar,17.356,5.733,46.5
121.5,16.964,lidar,16.964,5.759,46.5
122.0,16.641,lidar,16.641,5.911,48.0
122.5,16.641,lidar,16.641,6.058,48.0
123.0,16.291,lidar,16.291,6.096,49.0
123.5,16.235,lidar,16.235,6.173,45.5
124.0,16.211,lidar,16.211,6.155,45.0
124.5,15.644,lidar,15.644,6.220,45.0
125.0,15.840,lidar,15.840,6.299,44.5
125.5,15.766,lidar,15.766,6.373,45.0
126.0,15.517,lidar,15.517,6.410,47.5
126.5,15.317,lidar,15.317,6.452,48.5
127.0,14.997,lidar,14.997,6.476,45.5
127.5,14.404,lidar,14.404,6.511,47.0
128.0,13.901,lidar,13.901,6.511,50.0
128.5,13.937,lidar,13.937,6.488,47.5
129.0,13.456,lidar,13.456,6.473,47.5
129.5,13.704,lidar,13.704,6.447,47.0
130.0,12.899,lidar,12.899,6.408,43.5
130.5,12.857,lidar,12.857,6.311,44.0
131.0,12.541,lidar,12.541,6.261,47.0
131.5,12.260,lidar,12.260,6.150,44.5
132.0,12.190,lidar,12.190,6.023,45.0
132.5,11.852,lidar,11.852,5.890,45.5
133.0,11.247,lidar,11.247,5.786,52.0
133.5,11.049,lidar,11.049,5.559,52.5
134.0,10.880,lidar,10.880,5.467,51.0
134.5,10.914,lidar,10.914,5.314,50.5
135.0,10.020,lidar,10.020,5.183,51.5
135.5,8.836,lidar,8.836,5.028,42.5
136.0,7.359,lidar,7.359,4.948,69.0
136.5,7.093,lidar,7.093,4.889,69.0
137.0,6.956,lidar,6.956,4.900,69.5
137.5,6.744,lidar,6.744,4.918,70.0
138.0,6.739,lidar,6.739,4.981,68.5
138.5,6.057,lidar,6.057,5.005,69.0
139.0,5.918,lidar,5.918,5.032,70.0
139.5,5.533,lidar,5.533,5.113,70.5
140.0,5.181,lidar,5.181,5.174,69.0
140.5,5.208,copernicus,4.892,5.208,69.0
141.0,5.233,copernicus,4.095,5.233,69.5
141.5,5.308,copernicus,3.497,5.308,70.5
142.0,5.347,copernicus,1.601,5.347,91.0
142.5,5.441,copernicus,1.831,5.441,91.0
143.0,5.474,copernicus,1.549,5.474,91.0
143.5,5.583,copernicus,1.319,5.583,91.5
144.0,5.668,copernicus,1.282,5.668,89.5
144.5,5.738,copernicus,1.497,5.738,90.5
145.0,5.762,copernicus,1.374,5.762,90.0
145.5,5.778,copernicus,1.265,5.778,86.5
146.0,5.760,copernicus,2.330,5.760,85.0
146.5,5.728,copernicus,2.612,5.728,75.5
147.0,5.713,copernicus,2.892,5.713,76.0
147.5,5.649,copernicus,2.773,5.649,76.5
148.0,5.610,copernicus,2.346,5.610,76.5
148.5,5.502,copernicus,1.541,5.502,76.5
149.0,5.466,copernicus,1.051,5.466,84.5
149.5,5.434,copernicus,0.986,5.434,84.5
150.0,5.382,copernicus,0.865,5.382,86.5
150.5,5.274,copernicus,0.756,5.274,84.0
151.0,5.210,copernicus,0.642,5.210,84.5
151.5,5.105,copernicus,0.251,5.105,83.0
152.0,4.922,copernicus,0.538,4.922,80.5
152.5,4.789,copernicus,0.802,4.789,82.5
153.0,4.561,copernicus,1.056,4.561,61.0
153.5,4.402,copernicus,1.359,4.402,62.0
154.0,4.157,copernicus,2.097,4.157,62.0
154.5,3.930,copernicus,2.197,3.930,62.5
155.0,3.735,copernicus,2.125,3.735,62.5
155.5,3.736,copernicus,1.877,3.736,62.5
156.0,3.768,copernicus,2.073,3.768,60.5
156.5,4.134,copernicus,1.909,4.134,60.5
157.0,4.292,copernicus,1.935,4.292,61.0
157.5,4.542,copernicus,1.646,4.542,62.5
158.0,4.674,copernicus,1.204,4.674,77.0
158.5,4.852,copernicus,1.498,4.852,76.5
159.0,4.951,copernicus,1.724,4.951,77.0
159.5,5.096,copernicus,1.791,5.096,36.0
160.0,5.099,copernicus,1.791,5.099,36.0
160.5,5.290,copernicus,1.211,5.290,77.0
161.0,5.354,copernicus,1.034,5.354,78.5
161.5,5.417,copernicus,0.229,5.417,24.0
162.0,5.498,copernicus,0.229,5.498,24.0
162.5,5.498,copernicus,0.078,5.498,23.5
163.0,5.545,copernicus,0.078,5.545,23.5
163.5,5.566,copernicus,0.272,5.566,66.0
164.0,5.612,copernicus,0.134,5.612,60.5
164.5,5.615,copernicus,-0.193,5.615,60.5
165.0,5.625,copernicus,0.350,5.625,62.0
165.5,5.616,copernicus,0.811,5.616,60.0
166.0,5.616,copernicus,1.309,5.616,60.5
166.5,5.606,copernicus,1.950,5.606,65.0
167.0,5.611,copernicus,2.629,5.611,65.5
167.5,5.605,copernicus,2.865,5.605,65.5
168.0,5.605,copernicus,2.839,5.605,66.0
168.5,5.590,copernicus,2.580,5.590,65.0
169.0,5.616,copernicus,2.726,5.616,65.5
169.5,5.616,copernicus,2.235,5.616,64.5
170.0,5.596,copernicus,1.762,5.596,60.0
170.5,5.528,copernicus,1.950,5.528,60.5
171.0,5.528,copernicus,1.755,5.528,64.5
171.5,5.485,copernicus,2.893,5.485,62.0
172.0,5.441,copernicus,3.508,5.441,61.0
172.5,5.392,copernicus,2.901,5.392,61.0
173.0,5.392,copernicus,3.015,5.392,61.5
173.5,5.366,copernicus,2.876,5.366,61.0
174.0,5.336,copernicus,1.623,5.336,60.0
174.5,5.328,copernicus,1.430,5.328,60.0
175.0,5.343,copernicus,0.313,5.343,61.0
175.5,5.300,copernicus,-0.024,5.300,67.5
176.0,5.244,copernicus,0.582,5.244,60.5
176.5,5.194,copernicus,1.689,5.194,33.0
177.0,5.149,copernicus,2.292,5.149,32.5
177.5,5.170,copernicus,2.292,5.170,32.5
178.0,5.225,copernicus,1.243,5.225,58.5
178.5,5.240,copernicus,2.240,5.240,59.5
179.0,5.285,copernicus,2.236,5.285,59.0
179.5,5.413,copernicus,2.421,5.413,50.5
180.0,5.426,copernicus,2.417,5.426,50.0
180.5,5.416,copernicus,1.681,5.416,60.5
181.0,5.453,copernicus,1.802,5.453,50.0
181.5,5.560,copernicus,1.417,5.560,59.5
182.0,5.615,copernicus,1.163,5.615,59.0
182.5,5.628,copernicus,0.853,5.628,59.0
183.0,5.639,copernicus,0.712,5.639,50.5
183.5,5.611,copernicus,0.746,5.611,59.5
184.0,5.577,copernicus,0.812,5.577,61.5
184.5,5.536,copernicus,0.705,5.536,60.0
185.0,5.412,copernicus,0.567,5.412,59.0
185.5,5.396,copernicus,0.234,5.396,58.0
186.0,5.396,copernicus,0.426,5.396,58.0
186.5,5.935,copernicus,0.419,5.935,47.0
187.0,6.514,copernicus,1.442,6.514,47.5
187.5,6.514,copernicus,2.015,6.514,49.5
188.0,6.514,copernicus,1.915,6.514,47.0
188.5,6.980,copernicus,3.194,6.980,48.0
189.0,6.980,copernicus,2.833,6.980,47.5
189.5,6.980,copernicus,2.416,6.980,47.0
190.0,6.980,copernicus,2.390,6.980,47.5
190.5,7.430,copernicus,1.779,7.430,47.0
191.0,7.430,copernicus,0.111,7.430,576.0
191.5,7.430,copernicus,0.276,7.430,589.5
192.0,7.776,copernicus,0.305,7.776,591.0
192.5,7.776,copernicus,-0.157,7.776,580.0
193.0,7.776,copernicus,2.719,7.776,40.0
193.5,7.799,copernicus,3.716,7.799,40.0
194.0,8.202,copernicus,3.601,8.202,41.0
194.5,8.202,copernicus,3.770,8.202,40.0
195.0,8.202,copernicus,4.018,8.202,40.0
195.5,8.324,copernicus,4.018,8.324,40.0
196.0,8.324,copernicus,4.125,8.324,41.0
196.5,8.479,copernicus,3.895,8.479,41.5
197.0,8.699,copernicus,3.895,8.699,41.5
197.5,8.699,copernicus,3.829,8.699,39.5
198.0,8.699,copernicus,3.932,8.699,39.0
198.5,8.830,copernicus,4.046,8.830,39.5
199.0,9.001,copernicus,4.922,9.001,44.0
199.5,9.001,copernicus,5.198,9.001,43.0
200.0,9.086,copernicus,5.198,9.086,43.0
200.5,9.161,copernicus,5.192,9.161,43.5
201.0,9.161,copernicus,4.949,9.161,43.5
201.5,9.290,copernicus,5.735,9.290,44.5
202.0,9.395,copernicus,5.764,9.395,44.5
202.5,9.395,copernicus,5.333,9.395,39.5
203.0,9.412,copernicus,7.032,9.412,38.5
203.5,9.490,copernicus,7.171,9.490,39.5
204.0,9.504,copernicus,7.171,9.504,39.5
204.5,9.479,copernicus,7.661,9.479,38.5
205.0,9.541,copernicus,7.965,9.541,40.0
205.5,9.550,copernicus,8.170,9.550,38.0
206.0,9.645,copernicus,8.631,9.645,38.5
206.5,9.626,copernicus,8.849,9.626,39.0
207.0,9.574,copernicus,8.254,9.574,37.5
207.5,9.574,copernicus,8.917,9.574,38.5
208.0,9.574,copernicus,8.917,9.574,38.5
208.5,9.586,copernicus,8.746,9.586,39.5
209.0,9.586,copernicus,8.762,9.586,39.0
209.5,9.526,copernicus,9.113,9.526,38.5
210.0,9.483,copernicus,8.865,9.483,37.5
210.5,9.499,copernicus,8.319,9.499,39.5
211.0,9.499,copernicus,8.261,9.499,38.5
211.5,9.535,copernicus,7.746,9.535,39.0
212.0,9.574,copernicus,7.746,9.574,39.0
212.5,9.574,copernicus,6.633,9.574,41.0
213.0,9.745,copernicus,6.398,9.745,39.5
213.5,9.745,copernicus,6.591,9.745,39.5
214.0,9.730,copernicus,5.817,9.730,40.5
214.5,9.730,copernicus,5.759,9.730,40.0
215.0,9.752,copernicus,5.249,9.752,39.5
215.5,9.752,copernicus,3.220,9.752,39.5
216.0,9.752,copernicus,3.220,9.752,39.5
216.5,9.944,copernicus,2.793,9.944,40.5
217.0,9.944,copernicus,2.201,9.944,34.5
217.5,9.944,copernicus,2.201,9.944,34.5
218.0,9.955,copernicus,1.683,9.955,36.0
218.5,9.955,copernicus,1.550,9.955,34.0
219.0,9.965,copernicus,1.660,9.965,36.5
219.5,9.965,copernicus,1.018,9.965,34.0
220.0,9.965,copernicus,0.856,9.965,34.0
220.5,9.864,copernicus,0.856,9.864,34.0
221.0,9.819,copernicus,0.434,9.819,35.0
221.5,9.798,copernicus,0.001,9.798,35.5
222.0,9.702,copernicus,-0.434,9.702,80.0
222.5,9.716,copernicus,-0.342,9.716,80.0
223.0,9.563,copernicus,-0.283,9.563,83.5
223.5,9.483,copernicus,0.377,9.483,81.0
224.0,9.483,copernicus,0.433,9.483,81.5
224.5,9.017,copernicus,0.225,9.017,78.0
225.0,9.017,copernicus,0.462,9.017,78.5
225.5,8.511,copernicus,0.087,8.511,81.0
226.0,8.511,copernicus,0.200,8.511,80.5
226.5,8.199,copernicus,-0.081,8.199,80.0
227.0,8.199,copernicus,0.020,8.199,80.0
227.5,8.199,copernicus,-0.058,8.199,81.0
228.0,7.861,copernicus,-0.636,7.861,79.0
228.5,7.740,copernicus,-0.823,7.740,82.0
229.0,7.436,copernicus,-1.274,7.436,83.0
229.5,7.436,copernicus,-1.179,7.436,81.0
230.0,7.185,copernicus,-1.661,7.185,23.0
230.5,6.993,copernicus,-1.661,6.993,23.0
231.0,6.616,copernicus,-1.958,6.616,84.5
231.5,6.616,copernicus,-2.458,6.616,85.0
232.0,6.329,copernicus,-3.080,6.329,85.0
232.5,6.156,copernicus,-3.105,6.156,85.5
233.0,5.832,copernicus,-2.637,5.832,82.5
233.5,5.832,copernicus,-2.362,5.832,83.5
234.0,5.453,copernicus,-1.795,5.453,79.5
234.5,5.311,copernicus,-1.354,5.311,78.5
235.0,4.905,copernicus,-1.356,4.905,78.0
235.5,4.819,copernicus,-1.135,4.819,80.5
236.0,4.512,copernicus,-1.224,4.512,79.0
236.5,4.450,copernicus,-1.234,4.450,81.5
237.0,4.097,copernicus,-1.683,4.097,80.5
237.5,3.815,copernicus,-1.838,3.815,69.5
238.0,3.657,copernicus,-1.692,3.657,71.0
238.5,3.561,copernicus,-1.672,3.561,72.0
239.0,3.455,copernicus,-1.176,3.455,71.5
239.5,3.442,copernicus,-0.970,3.442,73.5
240.0,3.387,copernicus,-0.903,3.387,71.0
240.5,3.299,copernicus,-1.201,3.299,71.5
241.0,3.238,copernicus,-1.440,3.238,73.0
241.5,3.142,copernicus,-2.440,3.142,77.0
242.0,3.104,copernicus,-2.659,3.104,77.0
242.5,3.016,copernicus,-2.824,3.016,78.0
243.0,2.881,copernicus,-1.959,2.881,80.5
243.5,2.862,copernicus,-1.716,2.862,78.0
244.0,2.901,copernicus,-1.586,2.901,70.0
244.5,2.894,copernicus,-1.001,2.894,70.5
245.0,2.940,copernicus,-0.850,2.940,71.0
245.5,2.941,copernicus,-1.031,2.941,70.5
246.0,2.873,copernicus,-0.984,2.873,70.5
246.5,2.826,copernicus,-1.146,2.826,70.5
247.0,2.749,copernicus,-1.697,2.749,70.0
247.5,2.657,copernicus,-0.787,2.657,70.0
248.0,2.563,copernicus,-0.419,2.563,70.0
248.5,2.442,copernicus,-0.076,2.442,70.5
249.0,2.409,copernicus,-0.088,2.409,69.5
249.5,2.419,copernicus,0.125,2.419,69.5
250.0,2.433,copernicus,0.067,2.433,69.5
250.5,2.411,copernicus,-0.161,2.411,69.0
251.0,2.435,copernicus,-0.311,2.435,76.0
251.5,2.470,copernicus,-0.467,2.470,77.0
252.0,2.483,copernicus,-0.351,2.483,77.0
252.5,2.501,copernicus,-0.479,2.501,77.0
253.0,2.484,copernicus,-0.457,2.484,78.5
253.5,2.436,copernicus,-0.460,2.436,77.0
254.0,2.344,copernicus,-0.791,2.344,78.0
254.5,2.381,copernicus,-2.267,2.381,79.0
255.0,2.448,copernicus,-2.585,2.448,79.5
255.5,2.547,copernicus,-2.896,2.547,78.0
256.0,2.639,copernicus,-2.352,2.639,78.5
256.5,2.734,copernicus,-3.568,2.734,599.5
257.0,2.799,copernicus,-3.569,2.799,599.5
257.5,2.856,copernicus,-3.564,2.856,599.5
258.0,2.868,copernicus,-3.562,2.868,599.5
258.5,2.882,copernicus,-3.565,2.882,599.5
259.0,2.878,copernicus,-3.563,2.878,599.5
259.5,2.834,copernicus,-3.557,2.834,599.5
260.0,2.782,copernicus,-3.565,2.782,599.5
260.5,2.714,copernicus,-3.575,2.714,599.5
261.0,2.713,copernicus,-3.568,2.713,599.5
261.5,2.695,copernicus,-3.559,2.695,599.5
262.0,2.626,copernicus,-3.561,2.626,599.5
262.5,2.486,copernicus,-3.581,2.486,580.0
263.0,2.288,copernicus,-3.469,2.288,597.0
263.5,2.207,copernicus,-3.510,2.207,599.5
264.0,2.096,copernicus,-3.506,2.096,599.5
264.5,2.002,copernicus,-2.851,2.002,76.5
265.0,1.856,copernicus,-2.582,1.856,77.5
265.5,1.740,copernicus,-2.447,1.740,76.5
266.0,1.712,copernicus,-2.225,1.712,79.0
266.5,1.691,copernicus,-2.027,1.691,75.5
267.0,1.652,copernicus,-1.968,1.652,78.0
267.5,1.645,copernicus,-2.028,1.645,76.5
268.0,1.658,copernicus,-1.758,1.658,76.5
268.5,1.624,copernicus,-1.987,1.624,76.0
269.0,1.667,copernicus,-2.199,1.667,77.5
269.5,1.750,copernicus,-2.848,1.750,76.0
270.0,1.801,copernicus,-3.361,1.801,229.0
270.5,1.839,copernicus,-2.888,1.839,231.0
271.0,1.895,copernicus,-2.713,1.895,238.0
271.5,1.957,copernicus,-2.052,1.957,239.5
272.0,2.045,copernicus,-1.268,2.045,236.0
272.5,2.138,copernicus,-1.135,2.138,236.5
273.0,2.242,copernicus,-1.118,2.242,237.5
273.5,2.426,copernicus,-1.581,2.426,236.5
274.0,2.541,copernicus,-3.127,2.541,531.5
274.5,2.635,copernicus,-2.492,2.635,599.0
275.0,2.786,copernicus,-2.584,2.786,583.0
275.5,2.843,copernicus,-2.613,2.843,469.0
276.0,3.233,copernicus,-1.971,3.233,595.0
276.5,3.241,copernicus,-1.578,3.241,599.0
277.0,3.662,copernicus,-1.422,3.662,594.5
277.5,3.909,copernicus,-1.643,3.909,265.5
278.0,4.033,copernicus,-0.691,4.033,299.5
278.5,4.314,copernicus,-0.311,4.314,301.5
279.0,4.432,copernicus,0.390,4.432,299.0
279.5,4.686,copernicus,0.493,4.686,299.5
280.0,4.838,copernicus,0.461,4.838,274.0
280.5,5.005,copernicus,0.370,5.005,263.5
281.0,5.107,copernicus,-0.195,5.107,267.5
281.5,5.198,copernicus,0.206,5.198,271.0
282.0,5.224,copernicus,0.678,5.224,275.0
282.5,5.256,copernicus,0.856,5.256,272.5
283.0,5.283,copernicus,0.883,5.283,270.0
283.5,5.380,copernicus,0.979,5.380,268.5
284.0,5.473,copernicus,1.112,5.473,268.5
284.5,5.520,copernicus,1.214,5.520,254.0
285.0,5.748,copernicus,1.330,5.748,255.0
285.5,5.843,copernicus,1.195,5.843,250.0
286.0,5.947,copernicus,0.343,5.947,252.5
286.5,6.015,copernicus,0.204,6.015,599.5
287.0,6.162,copernicus,0.488,6.162,494.5
287.5,6.188,copernicus,0.549,6.188,599.5
288.0,6.375,copernicus,0.847,6.375,599.5
288.5,6.374,copernicus,0.967,6.374,593.5
289.0,6.447,copernicus,1.099,6.447,589.0
289.5,6.447,copernicus,1.335,6.447,599.5
290.0,6.481,copernicus,1.544,6.481,598.5
290.5,6.481,copernicus,1.788,6.481,599.0
291.0,6.372,copernicus,1.994,6.372,599.5
291.5,6.363,copernicus,2.086,6.363,599.5
292.0,6.345,copernicus,2.856,6.345,49.0
292.5,6.345,copernicus,3.650,6.345,50.5
293.0,6.344,copernicus,4.200,6.344,49.5
293.5,6.290,copernicus,4.853,6.290,49.5
294.0,6.272,copernicus,4.967,6.272,50.0
294.5,6.463,copernicus,4.930,6.463,47.5
295.0,6.501,copernicus,5.434,6.501,47.0
295.5,6.661,copernicus,5.385,6.661,49.5
296.0,6.687,copernicus,5.993,6.687,47.5
296.5,6.865,copernicus,6.133,6.865,47.0
297.0,6.863,copernicus,6.074,6.863,50.0
297.5,7.025,copernicus,6.944,7.025,49.5
298.0,7.088,copernicus,7.073,7.088,48.5
298.5,7.198,copernicus,7.054,7.198,49.5
299.0,7.387,lidar,7.387,7.277,48.5
299.5,7.291,copernicus,7.255,7.291,49.0
300.0,7.618,lidar,7.618,7.445,49.0
300.5,7.580,lidar,7.580,7.548,48.5
301.0,7.581,copernicus,7.194,7.581,48.5
301.5,7.688,copernicus,6.682,7.688,50.0
302.0,7.775,copernicus,6.575,7.775,50.0
302.5,7.858,copernicus,4.700,7.858,576.0
303.0,8.076,copernicus,4.730,8.076,565.0
303.5,8.258,copernicus,4.819,8.258,585.0
304.0,8.370,copernicus,4.668,8.370,574.0
304.5,8.711,copernicus,4.669,8.711,580.0
305.0,8.756,copernicus,4.700,8.756,585.5
305.5,8.960,copernicus,4.669,8.960,596.5
306.0,9.252,copernicus,4.607,9.252,524.5
306.5,9.347,copernicus,4.469,9.347,520.5
307.0,9.546,copernicus,4.284,9.546,528.0
307.5,9.731,copernicus,3.264,9.731,520.0
308.0,9.745,copernicus,5.526,9.745,51.0
308.5,9.886,copernicus,6.987,9.886,48.5
309.0,9.970,copernicus,7.080,9.970,49.0
309.5,12.993,lidar,12.993,9.970,47.5
310.0,13.550,lidar,13.550,10.018,47.0
310.5,13.599,lidar,13.599,9.995,48.0
311.0,13.955,lidar,13.955,10.087,46.0
311.5,14.332,lidar,14.332,9.984,47.5
312.0,15.057,lidar,15.057,9.984,48.5
312.5,16.379,lidar,16.379,9.969,47.0
313.0,16.922,lidar,16.922,9.969,47.5
313.5,17.142,lidar,17.142,9.915,47.5
314.0,17.034,lidar,17.034,9.915,45.0
314.5,16.936,lidar,16.936,9.822,45.5
315.0,16.897,lidar,16.897,9.754,47.0
315.5,17.890,lidar,17.890,9.582,44.5
316.0,18.181,lidar,18.181,9.526,44.0
316.5,19.077,lidar,19.077,9.439,44.5
317.0,19.077,lidar,19.077,9.305,44.5
317.5,19.313,lidar,19.313,9.163,44.5
318.0,19.313,lidar,19.313,9.050,44.5
318.5,18.851,lidar,18.851,8.960,47.0
319.0,24.020,lidar,24.020,8.934,36.0
319.5,24.020,lidar,24.020,8.767,36.0
320.0,24.390,lidar,24.390,8.665,35.5
320.5,24.636,lidar,24.636,8.577,35.5
321.0,24.636,lidar,24.636,8.474,35.5
321.5,24.717,lidar,24.717,8.195,35.5
322.0,24.717,lidar,24.717,8.105,35.5
322.5,23.777,lidar,23.777,8.100,35.0
323.0,23.956,lidar,23.956,8.105,36.0
323.5,23.956,lidar,23.956,8.135,36.0
324.0,23.505,lidar,23.505,8.135,34.5
324.5,23.950,lidar,23.950,8.216,36.0
325.0,23.686,lidar,23.686,8.207,36.5
325.5,18.662,lidar,18.662,8.141,38.0
326.0,20.306,lidar,20.306,8.109,37.0
326.5,21.494,lidar,21.494,8.079,37.5
327.0,22.197,lidar,22.197,8.063,36.0
327.5,23.739,lidar,23.739,8.067,36.5
328.0,23.739,lidar,23.739,8.029,36.5
328.5,24.128,lidar,24.128,8.004,36.0
329.0,23.881,lidar,23.881,7.986,36.0
329.5,24.720,lidar,24.720,7.969,36.5
330.0,25.562,lidar,25.562,7.978,36.0
330.5,25.518,lidar,25.518,7.938,35.0
331.0,26.138,lidar,26.138,7.885,34.5
331.5,26.276,lidar,26.276,7.805,35.0
332.0,26.515,lidar,26.515,7.729,36.0
332.5,26.428,lidar,26.428,7.683,34.5
333.0,26.433,lidar,26.433,7.631,36.5
333.5,26.423,lidar,26.423,7.550,36.0
334.0,26.613,lidar,26.613,7.411,37.0
334.5,26.613,lidar,26.613,7.412,37.0
335.0,26.714,lidar,26.714,7.444,32.0
335.5,27.444,lidar,27.444,7.438,31.0
336.0,27.608,lidar,27.608,7.431,31.0
336.5,27.608,lidar,27.608,7.419,31.0
337.0,27.497,lidar,27.497,7.423,31.5
337.5,27.940,lidar,27.940,7.415,37.0
338.0,27.940,lidar,27.940,7.364,37.0
338.5,27.676,lidar,27.676,7.350,37.5
339.0,28.209,lidar,28.209,7.283,32.5
339.5,28.442,lidar,28.442,7.272,28.5
340.0,29.403,lidar,29.403,7.189,30.5
340.5,29.312,lidar,29.312,7.139,30.5
341.0,29.517,lidar,29.517,7.102,29.5
341.5,29.893,lidar,29.893,6.973,29.0
342.0,29.893,lidar,29.893,6.809,29.0
342.5,30.932,lidar,30.932,6.718,29.0
343.0,30.932,lidar,30.932,6.533,29.0
343.5,30.902,lidar,30.902,6.384,30.0
344.0,30.902,lidar,30.902,6.317,30.0
344.5,31.027,lidar,31.027,6.180,32.0
345.0,31.109,lidar,31.109,6.043,31.5
345.5,31.278,lidar,31.278,5.969,25.0
346.0,31.629,lidar,31.629,5.790,32.0
346.5,31.629,lidar,31.629,5.854,32.0
347.0,32.130,lidar,32.130,6.020,32.0
347.5,32.130,lidar,32.130,6.051,32.0
348.0,32.254,lidar,32.254,6.051,31.5
348.5,32.254,lidar,32.254,6.135,31.5
349.0,31.711,lidar,31.711,6.184,31.0
349.5,32.243,lidar,32.243,6.246,31.0
350.0,32.243,lidar,32.243,6.365,31.0
350.5,32.277,lidar,32.277,6.441,31.0
351.0,32.316,lidar,32.316,6.501,28.0
351.5,32.985,lidar,32.985,6.619,30.0
352.0,32.743,lidar,32.743,6.768,30.5
352.5,32.743,lidar,32.743,7.217,30.5
353.0,32.798,lidar,32.798,7.217,30.0
353.5,32.812,lidar,32.812,7.505,31.5
354.0,32.948,lidar,32.948,7.584,30.5
354.5,32.948,lidar,32.948,7.603,30.5
355.0,32.902,lidar,32.902,7.573,30.5
355.5,32.902,lidar,32.902,7.543,30.5
356.0,32.811,lidar,32.811,7.513,32.5
356.5,32.643,lidar,32.643,7.483,33.0
357.0,33.024,lidar,33.024,7.454,31.5
357.5,33.024,lidar,33.024,7.424,31.5
358.0,33.153,lidar,33.153,7.394,32.0
358.5,33.153,lidar,33.153,7.364,32.0
359.0,31.826,lidar,31.826,7.334,33.0
359.5,31.826,lidar,31.826,7.304,33.0
